monthly_wage_sar,years_of_service,months_of_wage_termination,award_termination_sar,resignation_share,months_of_wage_resignation,award_resignation_sar
3000,1,0.5,1500.0,0,0.0,0.0
3000,2,1.0,3000.0,1/3,0.3333,1000.0
3000,3,1.5,4500.0,1/3,0.5,1500.0
3000,4,2.0,6000.0,1/3,0.6667,2000.0
3000,5,2.5,7500.0,2/3,1.6667,5000.0
3000,7,4.5,13500.0,2/3,3.0,9000.0
3000,10,7.5,22500.0,1,7.5,22500.0
3000,15,12.5,37500.0,1,12.5,37500.0
3000,20,17.5,52500.0,1,17.5,52500.0
4000,1,0.5,2000.0,0,0.0,0.0
4000,2,1.0,4000.0,1/3,0.3333,1333.33
4000,3,1.5,6000.0,1/3,0.5,2000.0
4000,4,2.0,8000.0,1/3,0.6667,2666.67
4000,5,2.5,10000.0,2/3,1.6667,6666.67
4000,7,4.5,18000.0,2/3,3.0,12000.0
4000,10,7.5,30000.0,1,7.5,30000.0
4000,15,12.5,50000.0,1,12.5,50000.0
4000,20,17.5,70000.0,1,17.5,70000.0
5000,1,0.5,2500.0,0,0.0,0.0
5000,2,1.0,5000.0,1/3,0.3333,1666.67
5000,3,1.5,7500.0,1/3,0.5,2500.0
5000,4,2.0,10000.0,1/3,0.6667,3333.33
5000,5,2.5,12500.0,2/3,1.6667,8333.33
5000,7,4.5,22500.0,2/3,3.0,15000.0
5000,10,7.5,37500.0,1,7.5,37500.0
5000,15,12.5,62500.0,1,12.5,62500.0
5000,20,17.5,87500.0,1,17.5,87500.0
7500,1,0.5,3750.0,0,0.0,0.0
7500,2,1.0,7500.0,1/3,0.3333,2500.0
7500,3,1.5,11250.0,1/3,0.5,3750.0
7500,4,2.0,15000.0,1/3,0.6667,5000.0
7500,5,2.5,18750.0,2/3,1.6667,12500.0
7500,7,4.5,33750.0,2/3,3.0,22500.0
7500,10,7.5,56250.0,1,7.5,56250.0
7500,15,12.5,93750.0,1,12.5,93750.0
7500,20,17.5,131250.0,1,17.5,131250.0
10000,1,0.5,5000.0,0,0.0,0.0
10000,2,1.0,10000.0,1/3,0.3333,3333.33
10000,3,1.5,15000.0,1/3,0.5,5000.0
10000,4,2.0,20000.0,1/3,0.6667,6666.67
10000,5,2.5,25000.0,2/3,1.6667,16666.67
10000,7,4.5,45000.0,2/3,3.0,30000.0
10000,10,7.5,75000.0,1,7.5,75000.0
10000,15,12.5,125000.0,1,12.5,125000.0
10000,20,17.5,175000.0,1,17.5,175000.0
15000,1,0.5,7500.0,0,0.0,0.0
15000,2,1.0,15000.0,1/3,0.3333,5000.0
15000,3,1.5,22500.0,1/3,0.5,7500.0
15000,4,2.0,30000.0,1/3,0.6667,10000.0
15000,5,2.5,37500.0,2/3,1.6667,25000.0
15000,7,4.5,67500.0,2/3,3.0,45000.0
15000,10,7.5,112500.0,1,7.5,112500.0
15000,15,12.5,187500.0,1,12.5,187500.0
15000,20,17.5,262500.0,1,17.5,262500.0
20000,1,0.5,10000.0,0,0.0,0.0
20000,2,1.0,20000.0,1/3,0.3333,6666.67
20000,3,1.5,30000.0,1/3,0.5,10000.0
20000,4,2.0,40000.0,1/3,0.6667,13333.33
20000,5,2.5,50000.0,2/3,1.6667,33333.33
20000,7,4.5,90000.0,2/3,3.0,60000.0
20000,10,7.5,150000.0,1,7.5,150000.0
20000,15,12.5,250000.0,1,12.5,250000.0
20000,20,17.5,350000.0,1,17.5,350000.0
30000,1,0.5,15000.0,0,0.0,0.0
30000,2,1.0,30000.0,1/3,0.3333,10000.0
30000,3,1.5,45000.0,1/3,0.5,15000.0
30000,4,2.0,60000.0,1/3,0.6667,20000.0
30000,5,2.5,75000.0,2/3,1.6667,50000.0
30000,7,4.5,135000.0,2/3,3.0,90000.0
30000,10,7.5,225000.0,1,7.5,225000.0
30000,15,12.5,375000.0,1,12.5,375000.0
30000,20,17.5,525000.0,1,17.5,525000.0
